{
  "gelu": {
    "activation": "gelu",
    "avg_step_time_ms": 12.003183364868164,
    "final_loss": 3.4182188510894775,
    "all_losses": [
      4.202034950256348,
      4.151209831237793,
      4.083239555358887,
      4.072831153869629,
      4.018745422363281,
      3.9585771560668945,
      3.9646265506744385,
      3.8852081298828125,
      3.886671781539917,
      3.841735601425171,
      3.9007139205932617,
      3.8536105155944824,
      3.7964329719543457,
      3.8378148078918457,
      3.790689468383789,
      3.829550266265869,
      3.766739845275879,
      3.766491413116455,
      3.799325942993164,
      3.7428760528564453,
      3.7434537410736084,
      3.692272186279297,
      3.6761302947998047,
      3.765794038772583,
      3.6876940727233887,
      3.6380200386047363,
      3.7366220951080322,
      3.6681933403015137,
      3.624356746673584,
      3.6843984127044678,
      3.59330153465271,
      3.598198413848877,
      3.562622547149658,
      3.5197463035583496,
      3.5543675422668457,
      3.5073776245117188,
      3.5780253410339355,
      3.542684555053711,
      3.590564727783203,
      3.5342555046081543,
      3.4286227226257324,
      3.416536808013916,
      3.542994499206543,
      3.4826231002807617,
      3.4968810081481934,
      3.4841907024383545,
      3.400834083557129,
      3.4217076301574707,
      3.499683380126953,
      3.4182188510894775
    ],
    "param_count": 104256
  },
  "swiglu": {
    "activation": "swiglu",
    "avg_step_time_ms": 4.670810699462891,
    "final_loss": 3.502110481262207,
    "all_losses": [
      4.169923782348633,
      4.146164894104004,
      4.10709285736084,
      4.069673538208008,
      4.051519393920898,
      3.9886937141418457,
      3.9705276489257812,
      3.9601125717163086,
      3.8761281967163086,
      3.8629696369171143,
      3.8661632537841797,
      3.810459852218628,
      3.79744291305542,
      3.786229372024536,
      3.8085403442382812,
      3.786287546157837,
      3.7810897827148438,
      3.7209649085998535,
      3.7458009719848633,
      3.8390347957611084,
      3.729618549346924,
      3.710043430328369,
      3.7217602729797363,
      3.6813228130340576,
      3.682102680206299,
      3.5743868350982666,
      3.6709909439086914,
      3.591815948486328,
      3.6087119579315186,
      3.7311525344848633,
      3.4898557662963867,
      3.589881420135498,
      3.569477081298828,
      3.4955995082855225,
      3.712641716003418,
      3.561302900314331,
      3.638404369354248,
      3.532362222671509,
      3.5274884700775146,
      3.468472957611084,
      3.534703254699707,
      3.449061870574951,
      3.4419121742248535,
      3.4484386444091797,
      3.4328689575195312,
      3.4522719383239746,
      3.5325748920440674,
      3.492159605026245,
      3.332301616668701,
      3.502110481262207
    ],
    "param_count": 137536
  }
}