{
  "gelu": {
    "activation": "gelu",
    "avg_step_time_ms": 6.495456695556641,
    "final_loss": 3.4085850715637207,
    "all_losses": [
      4.170769214630127,
      4.133533000946045,
      4.086249351501465,
      4.047606468200684,
      4.026297569274902,
      4.001848220825195,
      3.95373797416687,
      3.9341959953308105,
      3.9155890941619873,
      3.880167007446289,
      3.8811020851135254,
      3.857626438140869,
      3.915677070617676,
      3.830315589904785,
      3.809175491333008,
      3.79429030418396,
      3.7575185298919678,
      3.777188301086426,
      3.746656894683838,
      3.73483943939209,
      3.714816093444824,
      3.7039027214050293,
      3.6439433097839355,
      3.652559757232666,
      3.7438480854034424,
      3.649672031402588,
      3.6340696811676025,
      3.5966477394104004,
      3.586125373840332,
      3.664536952972412,
      3.616640567779541,
      3.5796151161193848,
      3.556826591491699,
      3.567546844482422,
      3.656604290008545,
      3.6187744140625,
      3.5231213569641113,
      3.542388916015625,
      3.4991116523742676,
      3.5153684616088867,
      3.5084586143493652,
      3.526191234588623,
      3.4361109733581543,
      3.4383130073547363,
      3.4305057525634766,
      3.456536293029785,
      3.473541259765625,
      3.408900737762451,
      3.4647040367126465,
      3.4085850715637207
    ],
    "param_count": 104256,
    "times": [
      0.11965060234069824,
      0.005730152130126953,
      0.004494190216064453,
      0.0042040348052978516,
      0.004055976867675781,
      0.004186868667602539,
      0.004050254821777344,
      0.004222869873046875,
      0.0041048526763916016,
      0.004582881927490234,
      0.0045239925384521484,
      0.004087924957275391,
      0.004183053970336914,
      0.003963947296142578,
      0.004065036773681641,
      0.004037141799926758,
      0.004005908966064453,
      0.00397491455078125,
      0.004052877426147461,
      0.004185914993286133,
      0.004745960235595703,
      0.004354238510131836,
      0.003951311111450195,
      0.004088163375854492,
      0.004059791564941406,
      0.0040209293365478516,
      0.004105091094970703,
      0.0041310787200927734,
      0.0040400028228759766,
      0.003917694091796875,
      0.004019975662231445,
      0.0040738582611083984,
      0.004127979278564453,
      0.0038940906524658203,
      0.003977298736572266,
      0.00385284423828125,
      0.003985166549682617,
      0.003943204879760742,
      0.004441976547241211,
      0.005042076110839844,
      0.00433802604675293,
      0.0041351318359375,
      0.00433802604675293,
      0.0049021244049072266,
      0.003965854644775391,
      0.00399470329284668,
      0.0041010379791259766,
      0.0038537979125976562,
      0.0040018558502197266,
      0.004006147384643555
    ]
  },
  "swiglu": {
    "activation": "swiglu",
    "avg_step_time_ms": 4.726076126098633,
    "final_loss": 3.4428365230560303,
    "all_losses": [
      4.181078910827637,
      4.152050018310547,
      4.1318488121032715,
      4.080438613891602,
      4.0653533935546875,
      4.004303932189941,
      3.986495018005371,
      3.9722557067871094,
      3.9155664443969727,
      3.888197183609009,
      3.8904266357421875,
      3.8944034576416016,
      3.831155300140381,
      3.8631374835968018,
      3.779045581817627,
      3.8503055572509766,
      3.757228374481201,
      3.8088912963867188,
      3.7687008380889893,
      3.6814544200897217,
      3.7678885459899902,
      3.7012951374053955,
      3.6918225288391113,
      3.7772021293640137,
      3.6691040992736816,
      3.733337640762329,
      3.6484735012054443,
      3.6109304428100586,
      3.6479310989379883,
      3.579977512359619,
      3.626070499420166,
      3.612914562225342,
      3.5788419246673584,
      3.6571106910705566,
      3.5642690658569336,
      3.608604907989502,
      3.551736354827881,
      3.569977283477783,
      3.533261775970459,
      3.618889808654785,
      3.649445056915283,
      3.4836807250976562,
      3.4564061164855957,
      3.4799375534057617,
      3.438840866088867,
      3.430217742919922,
      3.613743305206299,
      3.508594036102295,
      3.411379098892212,
      3.4428365230560303
    ],
    "param_count": 137536,
    "times": [
      0.01049494743347168,
      0.004771232604980469,
      0.004767894744873047,
      0.005078792572021484,
      0.004719972610473633,
      0.0045049190521240234,
      0.0044727325439453125,
      0.00423121452331543,
      0.0043468475341796875,
      0.004256010055541992,
      0.004208087921142578,
      0.004395961761474609,
      0.004364013671875,
      0.0050067901611328125,
      0.004869937896728516,
      0.004555702209472656,
      0.004391193389892578,
      0.004308938980102539,
      0.004251718521118164,
      0.004366874694824219,
      0.004403829574584961,
      0.0042879581451416016,
      0.004300832748413086,
      0.004518747329711914,
      0.004638195037841797,
      0.005190134048461914,
      0.004504203796386719,
      0.004909038543701172,
      0.0050280094146728516,
      0.004427909851074219,
      0.0044062137603759766,
      0.004298210144042969,
      0.004309892654418945,
      0.004228830337524414,
      0.004302978515625,
      0.004370927810668945,
      0.004338979721069336,
      0.004322052001953125,
      0.00516819953918457,
      0.004639863967895508,
      0.0045130252838134766,
      0.004572868347167969,
      0.0046689510345458984,
      0.0054111480712890625,
      0.0055429935455322266,
      0.005079030990600586,
      0.004807949066162109,
      0.0048329830169677734,
      0.005157947540283203,
      0.004758119583129883
    ]
  }
}