{
  "layernorm": {
    "norm_type": "layernorm",
    "avg_step_time_ms": 15.314445495605469,
    "final_loss": 3.36721134185791,
    "all_losses": [
      4.173551082611084,
      4.129039287567139,
      4.100255012512207,
      4.067948341369629,
      4.0181779861450195,
      3.9556798934936523,
      3.9495363235473633,
      3.8959383964538574,
      3.893366575241089,
      3.867180585861206,
      3.8429086208343506,
      3.8204574584960938,
      3.822744369506836,
      3.785897731781006,
      3.7764735221862793,
      3.7512640953063965,
      3.737269878387451,
      3.7490105628967285,
      3.766509532928467,
      3.6680755615234375,
      3.6878461837768555,
      3.726301431655884,
      3.7754735946655273,
      3.642825126647949,
      3.6485676765441895,
      3.675002098083496,
      3.652522563934326,
      3.6462693214416504,
      3.625617027282715,
      3.656341075897217,
      3.561990737915039,
      3.5790445804595947,
      3.5657334327697754,
      3.5605897903442383,
      3.6383447647094727,
      3.608614921569824,
      3.5243382453918457,
      3.4405736923217773,
      3.5097360610961914,
      3.3884336948394775,
      3.4316048622131348,
      3.4207959175109863,
      3.6194190979003906,
      3.37833571434021,
      3.4345335960388184,
      3.3856420516967773,
      3.4650111198425293,
      3.385497808456421,
      3.403096914291382,
      3.36721134185791
    ],
    "param_count": 104256,
    "alpha": null
  },
  "tanhnorm": {
    "norm_type": "tanhnorm",
    "avg_step_time_ms": 11.14835262298584,
    "final_loss": 3.719775676727295,
    "all_losses": [
      4.17420768737793,
      4.173977851867676,
      4.173483848571777,
      4.173515319824219,
      4.172390937805176,
      4.172525405883789,
      4.171909332275391,
      4.171480655670166,
      4.171655654907227,
      4.1704511642456055,
      4.170281887054443,
      4.168940544128418,
      4.168408393859863,
      4.1674957275390625,
      4.1671037673950195,
      4.164837837219238,
      4.163816452026367,
      4.161820411682129,
      4.161299228668213,
      4.159757614135742,
      4.158939361572266,
      4.152835369110107,
      4.151462554931641,
      4.1542277336120605,
      4.14982795715332,
      4.145661354064941,
      4.139577865600586,
      4.130232810974121,
      4.12959623336792,
      4.121685028076172,
      4.11175537109375,
      4.113990783691406,
      4.094387054443359,
      4.092903137207031,
      4.078034400939941,
      4.064753532409668,
      4.038066864013672,
      4.033442497253418,
      4.010419845581055,
      4.007410526275635,
      3.958719491958618,
      3.944139003753662,
      3.9508938789367676,
      3.872509479522705,
      3.8461461067199707,
      3.8217830657958984,
      3.7722651958465576,
      3.744993209838867,
      3.782362461090088,
      3.719775676727295
    ],
    "param_count": 104261,
    "alpha": 0.5
  },
  "tanhnorm_alpha_0.2": {
    "norm_type": "tanhnorm",
    "avg_step_time_ms": 6.985958417256673,
    "final_loss": 4.150051116943359,
    "all_losses": [
      4.174222469329834,
      4.174055099487305,
      4.173935890197754,
      4.173686981201172,
      4.173737525939941,
      4.173120975494385,
      4.173051357269287,
      4.172849178314209,
      4.1723432540893555,
      4.1720404624938965,
      4.171764850616455,
      4.171003818511963,
      4.170855522155762,
      4.170203685760498,
      4.169506072998047,
      4.169190406799316,
      4.168828964233398,
      4.166781425476074,
      4.1669416427612305,
      4.166573524475098,
      4.165159225463867,
      4.162939071655273,
      4.162206649780273,
      4.160311698913574,
      4.158879280090332,
      4.158941268920898,
      4.15625,
      4.154660224914551,
      4.150543212890625,
      4.150051116943359
    ],
    "param_count": 104261,
    "alpha": 0.2
  },
  "tanhnorm_alpha_0.5": {
    "norm_type": "tanhnorm",
    "avg_step_time_ms": 7.526787122090658,
    "final_loss": 4.116734504699707,
    "all_losses": [
      4.174230098724365,
      4.173985481262207,
      4.173666954040527,
      4.173593044281006,
      4.173337936401367,
      4.172691345214844,
      4.172008037567139,
      4.171398162841797,
      4.170536041259766,
      4.169597625732422,
      4.169095516204834,
      4.168649673461914,
      4.1672773361206055,
      4.1665849685668945,
      4.165515899658203,
      4.1641082763671875,
      4.164132118225098,
      4.160456657409668,
      4.15971565246582,
      4.15794563293457,
      4.15195894241333,
      4.150327682495117,
      4.148239612579346,
      4.149798393249512,
      4.139120101928711,
      4.1389055252075195,
      4.135508060455322,
      4.127725601196289,
      4.118281364440918,
      4.116734504699707
    ],
    "param_count": 104261,
    "alpha": 0.5
  },
  "tanhnorm_alpha_0.8": {
    "norm_type": "tanhnorm",
    "avg_step_time_ms": 6.245923042297363,
    "final_loss": 4.070577621459961,
    "all_losses": [
      4.174197196960449,
      4.173922538757324,
      4.172876358032227,
      4.172882080078125,
      4.172215461730957,
      4.171738147735596,
      4.171124458312988,
      4.1705732345581055,
      4.1696062088012695,
      4.168447494506836,
      4.165623664855957,
      4.165582656860352,
      4.163697242736816,
      4.163229465484619,
      4.161664962768555,
      4.159427642822266,
      4.157383918762207,
      4.161009788513184,
      4.149762153625488,
      4.150940418243408,
      4.1474714279174805,
      4.148850440979004,
      4.131363868713379,
      4.130828380584717,
      4.1229047775268555,
      4.117125034332275,
      4.106960773468018,
      4.103662490844727,
      4.097461700439453,
      4.070577621459961
    ],
    "param_count": 104261,
    "alpha": 0.8
  },
  "tanhnorm_alpha_1.0": {
    "norm_type": "tanhnorm",
    "avg_step_time_ms": 8.128666877746582,
    "final_loss": 4.029034614562988,
    "all_losses": [
      4.174281120300293,
      4.173555374145508,
      4.173708915710449,
      4.173009395599365,
      4.171318054199219,
      4.170520305633545,
      4.169835090637207,
      4.168807506561279,
      4.168562412261963,
      4.166345596313477,
      4.164820671081543,
      4.163834571838379,
      4.160007476806641,
      4.158200263977051,
      4.157648086547852,
      4.153882026672363,
      4.154022693634033,
      4.151821136474609,
      4.145825386047363,
      4.142444610595703,
      4.138638496398926,
      4.135037422180176,
      4.123864650726318,
      4.1194257736206055,
      4.111260414123535,
      4.1082763671875,
      4.084903717041016,
      4.0657148361206055,
      4.082881927490234,
      4.029034614562988
    ],
    "param_count": 104261,
    "alpha": 1.0
  }
}